{
  "piece_values": {
    "1": 99.98737941468929,
    "2": 320.2065161747032,
    "3": 332.1569875181255,
    "4": 496.38956104035105,
    "5": 919.4394110935759,
    "6": 20035.872076758966
  },
  "endgame_piece_values": {
    "1": 154.42325815832834,
    "2": 274.8905200988822,
    "3": 319.0184078379889,
    "4": 586.6001318088094,
    "5": 902.3326728454202,
    "6": 20304.67065981036
  },
  "max_depth": 5,
  "max_search_time": 5.0,
  "endgame_threshold": 1742.2169257081298,
  "king_move_penalty": 25
}